year,category,nbsa_billions,initial_factor,iterative_factor,overall_factor,tail_ratio
2012,financial,5081.074,1.0894900347989451,0.8223932295262256,0.8959892282549444,0.6802491132154032
2012,nonfinancial,4596.04,0.9697520413451356,0.8915905561307246,0.8646217618518148,0.3755812217683389
2012,debts,1754.98,1.31406065599108,0.9577968272802941,1.2586031271621183,0.05583033498374216
2016,financial,6713.913,1.1487571241357342,0.8138157957535297,0.9348766931060588,0.6764990536969984
2016,nonfinancial,5977.694,0.9651593034657369,0.8817802092049706,0.8510583725261411,0.3824481164253788
2016,debts,2133.667,1.2182590453536277,0.9489509515583537,1.1560680803328967,0.05894717012237684
2019,financial,7972.869,1.1954247679045835,0.8498926369306339,1.0159827082466175,0.6949350686019493
2019,nonfinancial,6791.029,0.9640951245628854,0.9119585523759807,0.8792147941491097,0.3471508693978138
2019,debts,2427.181,1.2922298469352866,0.9701345016394397,1.2536367585601738,0.042085937999762936
2023,financial,9542.628,1.105078349556225,0.817959855519628,0.9039097271408789,0.6389604465649571
2023,nonfinancial,9786.111,0.9224516604964235,0.883717837055694,0.8151869862023327,0.4185709777820058
2023,debts,2939.16,1.198648906234295,0.9467855903460731,1.134863512306712,0.057531424346963005
