year,measure,estimate,se,records_in_group
2012,top_0_01pct,4.294073662794336,,0
2012,top_0_1pct,9.89193625216925,,0
2012,top_1pct,22.667143040115135,,0
2012,top_5pct,41.71489405963546,,499
2012,top_10pct,55.93280847095865,,1332
2012,top_20pct,73.90738638164956,,2781
2012,top_50pct,97.28186383626925,,6686
2012,gini,0.7414610741025066,,11553
2016,top_0_01pct,5.333378785673796,0.0752588116283561,0
2016,top_0_1pct,11.493119826051513,0.1850623456819307,0
2016,top_1pct,24.688433401764915,0.38663393278855646,0
2016,top_5pct,42.78909911085515,0.5568255301708117,446
2016,top_10pct,55.97116774020897,0.5149662549029126,1303
2016,top_20pct,73.34656884750656,0.4061365493672778,2807
2016,top_50pct,96.26829365761301,0.16031518200676617,6571
2016,gini,0.731989277602986,0.003706848241112299,11866
2019,top_0_01pct,5.428759906501975,0.05661883605795508,0
2019,top_0_1pct,11.865552805970523,0.15557717319786377,0
2019,top_1pct,25.65155513948122,0.35254251187200414,0
2019,top_5pct,44.16811184357867,0.5650920538263964,341
2019,top_10pct,57.36002427091108,0.5505790160672163,1122
2019,top_20pct,74.14030414717928,0.4627261173227465,2411
2019,top_50pct,96.27560537473661,0.1990720339250803,5484
2019,gini,0.7394765943859798,0.004348649808518471,9840
2023,top_0_01pct,5.683240485717898,0.04869126524807572,0
2023,top_0_1pct,11.938635942193018,0.14101681557852783,0
2023,top_1pct,24.872434386915874,0.32590994415751356,0
2023,top_5pct,41.84391248373447,0.5257604703510216,606
2023,top_10pct,54.494991183644295,0.5040890334767117,1883
2023,top_20pct,71.16463609134642,0.41985236959893835,4248
2023,top_50pct,94.52790900116162,0.1918702312774868,9402
2023,gini,0.7085876684331681,0.004025636563167822,15173
