year,nbsa_quarter,category,sfs_billions,nbsa_billions,coverage,adjustment_factor
2012,2012-10,financial,4663.717737388633,5081.074,0.9178606210790541,1.0894900347989451
2012,2012-10,nonfinancial,4739.39708714082,4596.04,1.031191435918926,0.9697520413451356
2012,2012-10,debts,1335.539567369798,1754.98,0.7609998788418091,1.31406065599108
2012,2012-10,networth,8067.575257159655,7922.134,1.0183588484062067,0.9819721226609468
2016,2016-10,financial,5844.501730556147,6713.913,0.8705060268961106,1.1487571241357342
2016,2016-10,nonfinancial,6193.47912674626,5977.694,1.0360983895706706,0.9651593034657369
2016,2016-10,debts,1751.4066553724247,2133.667,0.8208434846545523,1.2182590453536277
2016,2016-10,networth,10286.574201929983,10557.94,0.9742974673023319,1.0263805804287207
2019,2019-10,financial,6669.486206125168,7972.869,0.8365227380664562,1.1954247679045835
2019,2019-10,nonfinancial,7043.940817643912,6791.029,1.0372420464768906,0.9640951245628854
2019,2019-10,debts,1878.2889172204289,2427.181,0.7738561389613832,1.2922298469352866
2019,2019-10,networth,11835.138106548651,12336.717,0.9593425954853833,1.0423804850383465
2023,2023-04,financial,8635.250164689325,9542.628,0.9049132130781296,1.105078349556225
2023,2023-04,nonfinancial,10608.806313746067,9786.111,1.0840676458448169,0.9224516604964235
2023,2023-04,debts,2452.060803387155,2939.16,0.8342726504808022,1.198648906234295
2023,2023-04,networth,16791.995675048238,16389.579,1.0245532039015912,0.9760352085103142
