name,net_worth
Thomson Family,39.13
Galen Weston,13.22
Saputo Family,10.61
Rogers Family,9.13
Garrett Camp,8.93
Joseph Tsai,8.27
Irving Family,7.65
Desmarais Family,6.71
Richardson Family,5.95
James Pattison,5.74
Jeffrey S. Skoll,5.51
Carlo Fidani,4.86
Azrieli Family,4.74
Bernard Sherman,4.62
Richard Li,4.44
Alain Bouchard,4.34
Estate of Wallace McCain,4.08
Daryl Katz,4.05
Harrison McCain Family,3.71
Bob Gaglardi,3.55
Aquilini Family,3.34
David Cheriton,3.33
Mark Scheinberg,3.31
Michael Lee-Chin,3.26
Fred & Ron Mannix,3.17
Lalji Family,3.07
Frank Stronach,3.04
N. Murray Edwards,2.96
Gerry Schwartz & Heather Reisman,2.93
"Dennis ""Chip"" Wilson",2.92
Apostolopoulos Family,2.87
Alexander Shnaider,2.85
Peter Gilgan,2.71
Jean Coutu,2.7
Charles Bronfman,2.52
Jack Cowin,2.48
Mitchell Goldhar,2.38
Sobey Family,2.33
Reichmann Family,2.33
Slaight Family,2.19
Guy Laliberté,2.18
Joseph & Ted Burnett,2.18
Robert Miller,2.14
Jacques D'Amours,2.13
Zekelman Family,2.12
Stephen Jarislowsky,2.11
Brandt Louie,2.1
Aldo Bensadoun,2.07
Estate of Ronald Southern,2.05
Marcel Adams,2.04
"K. ""Rai"" Sahi",2.01
Lawrence Stroll,2.01
Rossy Family,1.99
Terry Matthews,1.99
Stewart Butterfield,1.97
JR Shaw,1.97
Bombardier Family,1.96
Molson Family,1.95
Serge Godin,1.94
Michael G. DeGroote,1.85
Kruger Family,1.83
Muzzo Estate,1.82
Seymour Schulich,1.77
DeGasperis Family,1.67
Samuel Family,1.59
Greenberg Family,1.58
Lawrence Tanenbaum,1.53
Ronald Joyce,1.53
Lawrence Ho,1.49
John Risley,1.43
Kenneth Rowe,1.43
Eric Sprott,1.41
Pierre Karl & Erik Péladeau,1.4
Shane Smith,1.38
John MacBain,1.37
Rudy Bratty,1.37
Clay Riddell,1.36
Hal Jackman,1.3
Eugene Melnyk,1.21
Robert Friedland,1.18
David Werklund,1.17
Vic De Zen,1.16
Richard Fortin,1.16
Hassan Khosrowshahi,1.16
Charles Sirois,1.13
John Bragg,1.12
Latner Family,1.12
Caleb & Tom Chan,1.08
Leon Family,1.06
Hasenfratz Family,1.06
Leslie Dan,1.04
U. Gary Charlwood,1.03
Mike Lazaridis,0.974
Dave & Cliff Lede,0.956
Belkin Family,0.949
Bruce Flatt,0.92
Koschitzky Family,0.911
Robert (Bobby) Julien & Delia Moog,0.904
Saul Feldberg,0.9
Rob McEwen,0.875
