name,net_worth
David Thomson,32.93
Irving family,13.97
Galen Weston,12.87
Garrett Camp,8.58
Bernard (Barry) Sherman,6.78
Jim Pattison,6.23
Emanuele (Lino) Saputo,6.09
Joseph Tsai,5.81
Mark Scheinberg,5.67
David Cheriton,4.57
Daryl Katz,4.43
Robert Miller,3.74
Alain Bouchard,3.74
Lawrence Stroll,3.32
Charles Bronfman,3.18
Chip Wilson,2.91
Carlo Fidani,2.63
Gerald Schwartz,2.35
Jean Coutu,2.35
Mitchell Goldhar,2.21
Peter Gilgan,2.21
Brandt Louie,2.08
Frank Stronach,1.94
Guy Laliberte,1.8
N. Murray Edwards,1.8
Jacques D'Amours,1.8
Stephen Jarislowsky,1.66
Hal Jackman,1.66
Huang Chulong,1.66
Serge Godin,1.66
V. Prem Watsa,1.52
Ronald Joyce,1.52
Aldo Bensadoun,1.52
