name,net_worth_cb,net_worth_forbes,net_worth_avg
David Thomson,20.129,17.48,18.8045
Galen Weston,8.241,7.59,7.9155
Irving family,8.072,5.0,6.536
Rogers Family,6.411,,6.411
Jim Pattison,6.14,4.3,5.22
Jeffrey S. Skoll,4.545,,4.545
Paul Desmarais,4.404,4.3,4.352
Emanuele (Lino) Saputo,4.227,3.7,3.9635
Bernard (Barry) Sherman,3.31,3.7,3.505
Richardson family,3.398,,3.398
Fred and Ron Mannix,3.379,,3.379
Harrison McCain Family (excluding Wallace),3.207,,3.207
Chip Wilson,3.508,2.9,3.204
Clayton Riddell,2.867,3.0,2.9335
David Azrieli,2.891,2.9,2.8955
Estate of Wallace McCain,2.841,,2.841
Carlo Fidani,3.607,2.0,2.8035
Zekelman Family,2.748,,2.748
Daryl Katz,3.082,2.0,2.541
Sobey Family,2.348,,2.348
Guy Laliberte,1.975,2.6,2.2875
Lalji Family,2.249,,2.249
Robert Miller,1.942,2.5,2.221
Charles Bronfman,2.397,2.0,2.1985
Bob Gaglardi,2.08,,2.08
N. Murray Edwards,2.346,1.6,1.973
Slaight Family,1.966,,1.966
Frank Stronach,2.721,1.2,1.9605
Reichmann Family,1.942,,1.942
Marcel Adams,1.929,,1.929
Bombardier Family,1.893,,1.893
Lawrence Stroll,1.896,1.8,1.848
Michael Lee-Chin,1.836,,1.836
Brandt Louie,1.822,,1.822
Mitchell Goldhar,2.1,1.5,1.8
Terry Matthews,1.757,,1.757
Jean Coutu,1.826,1.6,1.713
Muzzo Estate,1.623,,1.623
Peter Gilgan,1.6,,1.6
Alexander Shnaider,1.581,,1.581
Stephen Jarislowsky,1.483,1.6,1.5415
David Cheriton,1.718,1.3,1.509
Richard Li,1.503,,1.503
JR Shaw,1.502,,1.502
Joseph and Ted Burnett,1.5,,1.5
Ronald Southern,1.672,1.2,1.436
Seymour Schulich,1.42,,1.42
DeGasperis family,1.409,,1.409
Kruger family,1.401,,1.401
Michael H. DeGroote,1.377,,1.377
John MacBain,1.367,,1.367
Gerald Schwartz,1.69,1.0,1.345
Greenberg Family,1.289,,1.289
Rossy Family,1.254,,1.254
Ronald Joyce,1.189,,1.189
Eric Sprott,1.219,1.1,1.1595
John Risley,1.143,,1.143
Samuel Family,1.139,,1.139
Lawrence Tanenbaum,1.134,,1.134
Rudy Bratty,1.108,,1.108
Apostolopoulos Family,1.09,,1.09
Robert Friedland,1.081,,1.081
Hal Jackman,1.074,,1.074
Charles Sirois,1.066,,1.066
Jack Cowin,1.044,,1.044
Alain Bouchard,1.04,,1.04
Chan family – Caleb and Tom,1.029,,1.029
Saul Feldberg,1.018,,1.018
David Werklund,1.011,,1.011
Nathaniel Rothschild,,1.0,1
Peter Nygard,0.995,,0.995
Latner Family,0.995,,0.995
Hassan Khosrowshahi,0.984,,0.984
Dave & Cliff Lede,0.982,,0.982
Sam and Van Kolias,0.975,,0.975
Eugene Melnyk,0.973,,0.973
Belkin family,0.957,,0.957
Kenneth Rowe,0.948,,0.948
Koschitzky Family,0.931,,0.931
Leslie Dan,0.931,,0.931
Vic De Zen,0.922,,0.922
Victor Li,0.891,,0.891
Rai Sahi,0.881,,0.881
Serge Godin,0.871,,0.871
Mike Lazaridis,0.87,,0.87
Gary Charlwood,0.848,,0.848
John Bragg,0.811,,0.811
Robert (Bobby) Julien and Delia Moog,0.807,,0.807
Rob McEwen,0.79,,0.79
Aldo Bensadoun,0.762,,0.762
Libfeld family,0.752,,0.752
Leon family,0.721,,0.721
de Gaspe Beaubien Family,0.714,,0.714
Michael Potter,0.702,,0.702
James Cameron,0.7,,0.7
Stewart Blusson,0.697,,0.697
Jodrey family,0.689,,0.689
Pierre Karl & Erik Peladeau,0.673,,0.673
Charles Edgar Fipke,0.671,,0.671
Jack Cockwell,0.667,,0.667
Amar Doman,0.654,,0.654
